CUS000575	355	209701000.00	209701000.000000000005
CUS000304	355	191320000.00	191319999.999999999996
CUS000852	355	187823500.00	187823499.999999999996
CUS000736	355	180159000.00	180159000.000000000005
CUS000305	355	177303000.00	177303000.000000000000
CUS000287	355	176969500.00	176969499.999999999994
CUS000336	355	175471500.00	175471500.000000000005
CUS000646	355	166109500.00	166109500.000000000000
CUS000475	345	164104000.00	164104000.000000000000
CUS000271	355	160608500.00	160608500.000000000000
CUS000838	345	157553000.00	157553000.000000000001
CUS000581	355	156489000.00	156489000.000000000003
CUS000545	345	155738000.00	155737999.999999999998
CUS000276	355	154124000.00	154124000.000000000003
CUS000286	345	153034000.00	153034000.000000000000
CUS000092	355	152617000.00	152616999.999999999996
CUS000699	345	151378500.00	151378499.999999999997
CUS000568	345	150558500.00	150558500.000000000000
CUS000920	345	149958000.00	149958000.000000000000
CUS000094	345	148882000.00	148882000.000000000000